customer_id,first_name,last_name,company,address,city,state,country,postal_code,phone,fax,email,support_rep_id
1,Luís,Gonçalves,Embraer - Empresa Brasileira de Aeronáutica S.A.,"Av. Brigadeiro Faria Lima, 2170",São José dos Campos,SP,Brazil,12227-000,+55 (12) 3923-5555,+55 (12) 3923-5566,luisg@embraer.com.br,3
2,Leonie,Köhler,,Theodor-Heuss-Straße 34,Stuttgart,,Germany,70174,+49 0711 2842222,,leonekohler@surfeu.de,5
3,François,Tremblay,,1498 rue Bélanger,Montréal,QC,Canada,H2G 1A7,+1 (514) 721-4711,,ftremblay@gmail.com,3
4,Bjørn,Hansen,,Ullevålsveien 14,Oslo,,Norway,171,+47 22 44 22 22,,bjorn.hansen@yahoo.no,4
5,František,Wichterlová,JetBrains s.r.o.,Klanova 9/506,Prague,,Czech Republic,14700,+420 2 4172 5555,+420 2 4172 5555,frantisekw@jetbrains.com,4
6,Helena,Holý,,Rilská 3174/6,Prague,,Czech Republic,14300,+420 2 4177 0449,,hholy@gmail.com,5
7,Astrid,Gruber,,"Rotenturmstraße 4, 1010 Innere Stadt",Vienne,,Austria,1010,+43 01 5134505,,astrid.gruber@apple.at,5
8,Daan,Peeters,,Grétrystraat 63,Brussels,,Belgium,1000,+32 02 219 03 03,,daan_peeters@apple.be,4
9,Kara,Nielsen,,Sønder Boulevard 51,Copenhagen,,Denmark,1720,+453 3331 9991,,kara.nielsen@jubii.dk,4
10,Eduardo,Martins,Woodstock Discos,"Rua Dr. Falcão Filho, 155",São Paulo,SP,Brazil,01007-010,+55 (11) 3033-5446,+55 (11) 3033-4564,eduardo@woodstock.com.br,4
11,Alexandre,Rocha,Banco do Brasil S.A.,"Av. Paulista, 2022",São Paulo,SP,Brazil,01310-200,+55 (11) 3055-3278,+55 (11) 3055-8131,alero@uol.com.br,5
12,Roberto,Almeida,Riotur,"Praça Pio X, 119",Rio de Janeiro,RJ,Brazil,20040-020,+55 (21) 2271-7000,+55 (21) 2271-7070,roberto.almeida@riotur.gov.br,3
13,Fernanda,Ramos,,Qe 7 Bloco G,Brasília,DF,Brazil,71020-677,+55 (61) 3363-5547,+55 (61) 3363-7855,fernadaramos4@uol.com.br,4
14,Mark,Philips,Telus,8210 111 ST NW,Edmonton,AB,Canada,T6G 2C7,+1 (780) 434-4554,+1 (780) 434-5565,mphilips12@shaw.ca,5
15,Jennifer,Peterson,Rogers Canada,700 W Pender Street,Vancouver,BC,Canada,V6C 1G8,+1 (604) 688-2255,+1 (604) 688-8756,jenniferp@rogers.ca,3
16,Frank,Harris,Google Inc.,1600 Amphitheatre Parkway,Mountain View,CA,USA,94043-1351,+1 (650) 253-0000,+1 (650) 253-0000,fharris@google.com,4
17,Jack,Smith,Microsoft Corporation,1 Microsoft Way,Redmond,WA,USA,98052-8300,+1 (425) 882-8080,+1 (425) 882-8081,jacksmith@microsoft.com,5
18,Michelle,Brooks,,627 Broadway,New York,NY,USA,10012-2612,+1 (212) 221-3546,+1 (212) 221-4679,michelleb@aol.com,3
19,Tim,Goyer,Apple Inc.,1 Infinite Loop,Cupertino,CA,USA,95014,+1 (408) 996-1010,+1 (408) 996-1011,tgoyer@apple.com,3
20,Dan,Miller,,541 Del Medio Avenue,Mountain View,CA,USA,94040-111,+1 (650) 644-3358,,dmiller@comcast.com,4
21,Kathy,Chase,,801 W 4th Street,Reno,NV,USA,89503,+1 (775) 223-7665,,kachase@hotmail.com,5
22,Heather,Leacock,,120 S Orange Ave,Orlando,FL,USA,32801,+1 (407) 999-7788,,hleacock@gmail.com,4
23,John,Gordon,,69 Salem Street,Boston,MA,USA,2113,+1 (617) 522-1333,,johngordon22@yahoo.com,4
24,Frank,Ralston,,162 E Superior Street,Chicago,IL,USA,60611,+1 (312) 332-3232,,fralston@gmail.com,3
25,Victor,Stevens,,319 N. Frances Street,Madison,WI,USA,53703,+1 (608) 257-0597,,vstevens@yahoo.com,5
26,Richard,Cunningham,,2211 W Berry Street,Fort Worth,TX,USA,76110,+1 (817) 924-7272,,ricunningham@hotmail.com,4
27,Patrick,Gray,,1033 N Park Ave,Tucson,AZ,USA,85719,+1 (520) 622-4200,,patrick.gray@aol.com,4
28,Julia,Barnett,,302 S 700 E,Salt Lake City,UT,USA,84102,+1 (801) 531-7272,,jubarnett@gmail.com,5
29,Robert,Brown,,796 Dundas Street West,Toronto,ON,Canada,M6J 1V1,+1 (416) 363-8888,,robbrown@shaw.ca,3
30,Edward,Francis,,230 Elgin Street,Ottawa,ON,Canada,K2P 1L7,+1 (613) 234-3322,,edfrancis@yachoo.ca,3
31,Martha,Silk,,194A Chain Lake Drive,Halifax,NS,Canada,B3S 1C5,+1 (902) 450-0450,,marthasilk@gmail.com,5
32,Aaron,Mitchell,,696 Osborne Street,Winnipeg,MB,Canada,R3L 2B9,+1 (204) 452-6452,,aaronmitchell@yahoo.ca,4
33,Ellie,Sullivan,,5112 48 Street,Yellowknife,NT,Canada,X1A 1N6,+1 (867) 920-2233,,ellie.sullivan@shaw.ca,3
34,João,Fernandes,,Rua da Assunção 53,Lisbon,,Portugal,,+351 (213) 466-111,,jfernandes@yahoo.pt,4
35,Madalena,Sampaio,,"Rua dos Campeões Europeus de Viena, 4350",Porto,,Portugal,,+351 (225) 022-448,,masampaio@sapo.pt,4
36,Hannah,Schneider,,Tauentzienstraße 8,Berlin,,Germany,10789,+49 030 26550280,,hannah.schneider@yahoo.de,5
37,Fynn,Zimmermann,,Berger Straße 10,Frankfurt,,Germany,60316,+49 069 40598889,,fzimmermann@yahoo.de,3
38,Niklas,Schröder,,Barbarossastraße 19,Berlin,,Germany,10779,+49 030 2141444,,nschroder@surfeu.de,3
39,Camille,Bernard,,"4, Rue Milton",Paris,,France,75009,+33 01 49 70 65 65,,camille.bernard@yahoo.fr,4
40,Dominique,Lefebvre,,"8, Rue Hanovre",Paris,,France,75002,+33 01 47 42 71 71,,dominiquelefebvre@gmail.com,4
41,Marc,Dubois,,"11, Place Bellecour",Lyon,,France,69002,+33 04 78 30 30 30,,marc.dubois@hotmail.com,5
42,Wyatt,Girard,,"9, Place Louis Barthou",Bordeaux,,France,33000,+33 05 56 96 96 96,,wyatt.girard@yahoo.fr,3
43,Isabelle,Mercier,,"68, Rue Jouvence",Dijon,,France,21000,+33 03 80 73 66 99,,isabelle_mercier@apple.fr,3
44,Terhi,Hämäläinen,,Porthaninkatu 9,Helsinki,,Finland,530,+358 09 870 2000,,terhi.hamalainen@apple.fi,3
45,Ladislav,Kovács,,Erzsébet krt. 58.,Budapest,,Hungary,H-1073,,,ladislav_kovacs@apple.hu,3
46,Hugh,O'Reilly,,3 Chatham Street,Dublin,Dublin,Ireland,,+353 01 6792424,,hughoreilly@apple.ie,3
47,Lucas,Mancini,,"Via Degli Scipioni, 43",Rome,RM,Italy,192,+39 06 39733434,,lucas.mancini@yahoo.it,5
48,Johannes,Van der Berg,,Lijnbaansgracht 120bg,Amsterdam,VV,Netherlands,1016,+31 020 6223130,,johavanderberg@yahoo.nl,5
49,Stanisław,Wójcik,,Ordynacka 10,Warsaw,,Poland,00-358,+48 22 828 37 39,,stanisław.wójcik@wp.pl,4
50,Enrique,Muñoz,,C/ San Bernardo 85,Madrid,,Spain,28015,+34 914 454 454,,enrique_munoz@yahoo.es,5
51,Joakim,Johansson,,Celsiusg. 9,Stockholm,,Sweden,11230,+46 08-651 52 52,,joakim.johansson@yahoo.se,5
52,Emma,Jones,,202 Hoxton Street,London,,United Kingdom,N1 5LH,+44 020 7707 0707,,emma_jones@hotmail.com,3
53,Phil,Hughes,,113 Lupus St,London,,United Kingdom,SW1V 3EN,+44 020 7976 5722,,phil.hughes@gmail.com,3
54,Steve,Murray,,110 Raeburn Pl,Edinburgh ,,United Kingdom,EH4 1HH,+44 0131 315 3300,,steve.murray@yahoo.uk,5
55,Mark,Taylor,,421 Bourke Street,Sidney,NSW,Australia,2010,+61 (02) 9332 3633,,mark.taylor@yahoo.au,4
56,Diego,Gutiérrez,,307 Macacha Güemes,Buenos Aires,,Argentina,1106,+54 (0)11 4311 4333,,diego.gutierrez@yahoo.ar,4
57,Luis,Rojas,,"Calle Lira, 198",Santiago,,Chile,,+56 (0)2 635 4444,,luisrojas@yahoo.cl,5
58,Manoj,Pareek,,"12,Community Centre",Delhi,,India,110017,+91 0124 39883988,,manoj.pareek@rediff.com,3
59,Rishabh,Mishra,,"3,Raj Bhavan Road",Bangalore,,India,560001,+91 080 22289999,,rishabh_mishra@yahoo.in,3
60,Amira,El-Sayed,,24 Al-Quds Street,Cairo,,Egypt,11761,+20 2 12345678,,amira.elsayed@example.com,3
61,Hiroshi,Tanaka,,1-1 Chiyoda,Tokyo,,Japan,100-0001,+81 3-1234-5678,,hiroshi.tanaka@example.com,5
62,Lara,Klein,,Musterstraße 1,Berlin,,Germany,10115,+49 30 12345678,,lara.klein@example.com,4
63,Marco,Rossi,,Via Roma 12,Rome,RM,Italy,00100,+39 06 12345678,,marco.rossi@example.com,5
64,Nadia,Petrova,,Nevsky Prospekt 1,St. Petersburg,,Russia,190000,+7 812 123-45-67,,nadia.petrova@example.com,4
65,John,Doe,,742 Evergreen Terrace,Springfield,,USA,62704,+1 (217) 555-0123,,john.doe@example.com,3
66,Sofia,Ramirez,,Calle Falsa 123,Madrid,,Spain,28080,+34 91 123 45 67,,sofia.ramirez@example.com,4
67,Chen,Wang,,No. 88, Zhongshan Road,Beijing,,China,100000,+86 10 1234 5678,,chen.wang@example.com,5
68,Aisha,Khan,,Street 1,Block 2,Dubai,,UAE,00000,+971 4 123 4567,,aisha.khan@example.com,4
69,Ravi,Sharma,,Sector 18,Noida,,India,201301,+91 120 123 4567,,ravi.sharma@example.com,3
70,Ingrid,Nielsen,,Vesterbrogade 3,Copenhagen,,Denmark,1620,+45 33 123 456,,ingrid.nielsen@example.com,5
71,Santiago,Morales,,Av. de Mayo 1000,Buenos Aires,,Argentina,1000,+54 11 1234-5678,,santiago.morales@example.com,3
72,Julia,Martin,,Kerkstraat 5,Amsterdam,,Netherlands,1012,+31 20 123 4567,,julia.martin@example.com,4
73,Leon,Nguyen,,Nguyen Trai Street,Ho Chi Minh City,,Vietnam,700000,+84 28 1234 5678,,leon.nguyen@example.com,5
74,Celeste,Lopez,,Calle 123,La Paz,,Bolivia,1000,+591 2 123 4567,,celeste.lopez@example.com,4
75,Marco,Schmidt,,Hauptstraße 1,Berlin,,Germany,10115,+49 30 12345678,,marco.schmidt@example.com,3
76,Fatima,Al-Farsi,,Al-Madina Street,Muscat,,Oman,100,+968 24 123 456,,fatima.alfarsi@example.com,5
77,Omar,El-Hassan,,Sharia Street,Amman,,Jordan,11110,+962 6 1234567,,omar.elhassan@example.com,4
78,Ayo,Abiola,,Oba Akran Avenue,Lagos,,Nigeria,100001,+234 1 123 4567,,ayo.abiola@example.com,3
79,Keiko,Yamamoto,,Sakuragaoka-cho,Tokyo,,Japan,150-0031,+81 3-1234-5678,,keiko.yamamoto@example.com,5
80,Georgios,Papadopoulos,,Ermou Street,Athens,,Greece,10563,+30 21 1234 5678,,georgios.papadopoulos@example.com,4
81,Isabella,Giordano,,Via Milano 10,Florence,,Italy,50100,+39 055 1234567,,isabella.giordano@example.com,3
82,Rafael,Garcia,,Calle Mayor 12,Madrid,,Spain,28001,+34 91 123 4567,,rafael.garcia@example.com,5
83,Adriana,Pérez,,Av. de la Constitución 45,San Salvador,,El Salvador,00001,+503 2241 2345,,adriana.perez@example.com,4
84,Samira,Hussein,,Al-Mansour Street,Baghdad,,Iraq,10001,+964 1 234 5678,,samira.hussein@example.com,3
85,Thomas,Peterson,,Main Street 1,New York,,USA,10001,+1 (212) 123-4567,,thomas.peterson@example.com,5
86,Kim,Lee,,Seoul Tower,Seoul,,South Korea,04524,+82 2-123-4567,,kim.lee@example.com,4
87,Elena,Andreeva,,Nevsky Prospekt 50,St. Petersburg,,Russia,190000,+7 812 123-45-67,,elena.andreeva@example.com,3
88,Juan,Cruz,,Calle de Vallehermoso,Madrid,,Spain,28020,+34 91 234 5678,,juan.cruz@example.com,5
89,Marie,Durand,,Rue de Rivoli,Paris,,France,75001,+33 1 40 20 12 12,,marie.durand@example.com,4
90,Marek,Nowak,,Aleja Jerozolimskie,Warsaw,,Poland,00-000,+48 22 123 45 67,,marek.nowak@example.com,3
91,Sofia,Popescu,,Calea Victoriei,Bucharest,,Romania,010011,+40 21 123 4567,,sofia.popescu@example.com,5
92,Dmitry,Petrov,,Tverskaya Street,Moscow,,Russia,125009,+7 495 123-45-67,,dmitry.petrov@example.com,4
93,Luka,Markovic,,Kneza Mihaila Street,Belgrade,,Serbia,11000,+381 11 123 4567,,luka.markovic@example.com,3
94,Stella,Ng,,"G/F, 123 Nathan Road",Hong Kong,,China,000000,+852 1234 5678,,stella.ng@example.com,5
95,Noah,Keller,,Bahnhofstrasse 1,Zürich,,Switzerland,8000,+41 44 123 45 67,,noah.keller@example.com,4
96,Olivia,Rodriguez,,Calle San Pedro 34,Sevilla,,Spain,41001,+34 95 123 4567,,olivia.rodriguez@example.com,3
97,Miguel,Silva,,Avenida da Liberdade,Lisbon,,Portugal,1250-001,+351 21 123 4567,,miguel.silva@example.com,5
98,Anita,Chatterjee,,Park Street,Kolkata,,India,700016,+91 33 2222 3333,,anita.chatterjee@example.com,4
99,Elaine,Wong,,Nathan Road,Kowloon,,Hong Kong,,+852 1234 5678,,elaine.wong@example.com,3
100,Aiden,Smith,,Elm Street,Chicago,,USA,60601,+1 (312) 123-4567,,aiden.smith@example.com,5
101,Chloe,Smith,,123 Maple Street,Los Angeles,CA,USA,90001,+1 (213) 555-1234,,chloe.smith@example.com,4
102,Sophia,Johnson,,456 Oak Avenue,San Francisco,CA,USA,94101,+1 (415) 555-5678,,sophia.johnson@example.com,3
103,Jackson,Brown,,789 Pine Road,Miami,FL,USA,33101,+1 (305) 555-9876,,jackson.brown@example.com,5
104,Ethan,Jones,,234 Birch Blvd,Seattle,WA,USA,98101,+1 (206) 555-3456,,ethan.jones@example.com,4
105,Olivia,Williams,,567 Cedar Lane,Austin,TX,USA,73301,+1 (512) 555-1234,,olivia.williams@example.com,3
106,Mason,Davis,,890 Walnut Street,Denver,CO,USA,80201,+1 (303) 555-4567,,mason.davis@example.com,5
107,Liam,Garcia,,135 Spruce Terrace,Las Vegas,NV,USA,89101,+1 (702) 555-6789,,liam.garcia@example.com,4
108,Emma,Martinez,,246 Fir Circle,Portland,OR,USA,97201,+1 (503) 555-7890,,emma.martinez@example.com,3
109,Lucas,Hernandez,,357 Maplewood Drive,San Diego,CA,USA,92101,+1 (619) 555-2345,,lucas.hernandez@example.com,5
110,Ava,Lopez,,468 Pinecrest Way,Charlotte,NC,USA,28201,+1 (704) 555-6789,,ava.lopez@example.com,4
111,Isabella,Gonzalez,,579 Redwood Avenue,Philadelphia,PA,USA,19101,+1 (215) 555-3456,,isabella.gonzalez@example.com,3
112,James,Wilson,,680 Oakwood Drive,Atlanta,GA,USA,30301,+1 (404) 555-6789,,james.wilson@example.com,5
113,Logan,Anderson,,791 Cedar Ridge Drive,Boston,MA,USA,02101,+1 (617) 555-1234,,logan.anderson@example.com,4
114,Charlotte,Thomas,,902 Fir Hill Road,Chicago,IL,USA,60601,+1 (312) 555-5678,,charlotte.thomas@example.com,3
115,Mia,Taylor,,213 Willow Way,Detroit,MI,USA,48201,+1 (313) 555-9012,,mia.taylor@example.com,5
116,Sebastian,Moore,,324 Birchwood Drive,Dallas,TX,USA,75201,+1 (214) 555-2345,,sebastian.moore@example.com,4
117,Benjamin,Jackson,,435 Maple Lane,Houston,TX,USA,77001,+1 (713) 555-6789,,benjamin.jackson@example.com,3
118,Amelia,Martin,,546 Oak Valley Drive,San Jose,CA,USA,95101,+1 (408) 555-3456,,amelia.martin@example.com,5
119,Henry,Lee,,657 Pinehill Road,San Antonio,TX,USA,78201,+1 (210) 555-7890,,henry.lee@example.com,4
120,Grace,Walker,,768 Cedar Point,Austin,TX,USA,78701,+1 (512) 555-1234,,grace.walker@example.com,3
121,Elijah,Hall,,879 Spruce Grove,Orlando,FL,USA,32801,+1 (407) 555-4567,,elijah.hall@example.com,5
122,Jack,Allen,,980 Maplewood Court,Miami,FL,USA,33101,+1 (305) 555-2345,,jack.allen@example.com,4
123,Victoria,Young,,1125 Oak Street,New Orleans,LA,USA,70112,+1 (504) 555-6789,,victoria.young@example.com,3
124,Isaac,Hernandez,,1234 Cedar Avenue,Philadelphia,PA,USA,19101,+1 (215) 555-3456,,isaac.hernandez@example.com,5
125,Scarlett,King,,1357 Birch Lane,Las Vegas,NV,USA,89101,+1 (702) 555-7890,,scarlett.king@example.com,4
126,Jameson,Wright,,1460 Willow Way,Denver,CO,USA,80201,+1 (303) 555-9012,,jameson.wright@example.com,3
127,Daniel,Scott,,1589 Pine Road,Seattle,WA,USA,98101,+1 (206) 555-1234,,daniel.scott@example.com,5
128,Addison,Torres,,1720 Oak Street,San Francisco,CA,USA,94101,+1 (415) 555-5678,,addison.torres@example.com,4
129,Avery,Perez,,1850 Cedar Court,Austin,TX,USA,73301,+1 (512) 555-6789,,avery.perez@example.com,3
130,Layla,Turner,,1976 Fir Avenue,Atlanta,GA,USA,30301,+1 (404) 555-9012,,layla.turner@example.com,5
131,Luca,Evans,,2087 Spruce Lane,Detroit,MI,USA,48201,+1 (313) 555-2345,,luca.evans@example.com,4
132,Nora,Collins,,2198 Willow Circle,Houston,TX,USA,77001,+1 (713) 555-6789,,nora.collins@example.com,3
133,Samuel,Stewart,,2309 Maple Drive,Dallas,TX,USA,75201,+1 (214) 555-7890,,samuel.stewart@example.com,5
134,Isabella,Nguyen,,2420 Cedar Avenue,San Jose,CA,USA,95101,+1 (408) 555-1234,,isabella.nguyen@example.com,4
135,Maya,Ramirez,,2531 Pine Street,San Antonio,TX,USA,78201,+1 (210) 555-4567,,maya.ramirez@example.com,3
136,Maddox,Reyes,,2642 Oak Way,Orlando,FL,USA,32801,+1 (407) 555-6789,,maddox.reyes@example.com,5
137,Savannah,Peterson,,2753 Fir Lane,Miami,FL,USA,33101,+1 (305) 555-9012,,savannah.peterson@example.com,4
138,Leo,Anderson,,2864 Birch Boulevard,New York,NY,USA,10001,+1 (212) 555-3456,,leo.anderson@example.com,3
139,Liam,Bailey,,2975 Cedar Ridge,Philadelphia,PA,USA,19101,+1 (215) 555-6789,,liam.bailey@example.com,5
140,Natalie,Cooper,,3086 Spruce Hill,Las Vegas,NV,USA,89101,+1 (702) 555-7890,,natalie.cooper@example.com,4
141,Micheal,Reed,,3197 Maple Grove,Dallas,TX,USA,75201,+1 (214) 555-1234,,micheal.reed@example.com,3
142,Aubrey,Kelly,,3308 Fir Avenue,Austin,TX,USA,78701,+1 (512) 555-4567,,aubrey.kelly@example.com,5
143,Wyatt,Walker,,3419 Birch Lane,Houston,TX,USA,77001,+1 (713) 555-6789,,wyatt.walker@example.com,4
144,Kylie,Young,,3530 Cedar Drive,San Diego,CA,USA,92101,+1 (619) 555-9012,,kylie.young@example.com,3
145,Kayden,Brown,,3641 Oak Street,San Francisco,CA,USA,94101,+1 (415) 555-2345,,kayden.brown@example.com,5
146,Grace,Taylor,,3752 Maple Avenue,Miami,FL,USA,33101,+1 (305) 555-6789,,grace.taylor@example.com,4
147,Travis,Scott,,3863 Cedar Lane,Denver,CO,USA,80201,+1 (303) 555-7890,,travis.scott@example.com,3
148,Harper,Mitchell,,3974 Fir Way,Seattle,WA,USA,98101,+1 (206) 555-9012,,harper.mitchell@example.com,5
149,Jason,Johnson,,4085 Birch Boulevard,New Orleans,LA,USA,70112,+1 (504) 555-1234,,jason.johnson@example.com,4
150,Molly,Brown,,4196 Maple Hill,Boston,MA,USA,02101,+1 (617) 555-5678,,molly.brown@example.com,3
151,Anna,Garcia,,123 Elm Street,Miami,FL,USA,33101,+1 (305) 555-7890,,anna.garcia@example.com,2
152,Oliver,Hernandez,,456 Ash Avenue,Orlando,FL,USA,32801,+1 (407) 555-2345,,oliver.hernandez@example.com,1
153,Zoe,Martinez,,789 Maple Road,Atlanta,GA,USA,30301,+1 (404) 555-6789,,zoe.martinez@example.com,4
154,Evelyn,Robinson,,234 Cedar Lane,San Diego,CA,USA,92101,+1 (619) 555-3456,,evelyn.robinson@example.com,3
155,Michael,Smith,,567 Birch Blvd,San Francisco,CA,USA,94101,+1 (415) 555-9876,,michael.smith@example.com,5
156,Harley,Jones,,890 Pine Terrace,Seattle,WA,USA,98101,+1 (206) 555-5432,,harley.jones@example.com,4
157,Nathan,Williams,,135 Oak Street,Houston,TX,USA,77001,+1 (713) 555-6789,,nathan.williams@example.com,2
158,Elena,Brown,,246 Willow Way,Chicago,IL,USA,60601,+1 (312) 555-1234,,elena.brown@example.com,1
159,Leo,Johnson,,357 Maplewood Drive,Dallas,TX,USA,75201,+1 (214) 555-5678,,leo.johnson@example.com,5
160,Lydia,Martin,,468 Fir Circle,Austin,TX,USA,73301,+1 (512) 555-9012,,lydia.martin@example.com,4
161,Aiden,Taylor,,579 Cedar Avenue,Los Angeles,CA,USA,90001,+1 (213) 555-6789,,aiden.taylor@example.com,3
162,Victoria,Anderson,,680 Pinehill Road,New Orleans,LA,USA,70112,+1 (504) 555-3456,,victoria.anderson@example.com,2
163,Santiago,Hernandez,,791 Birch Lane,San Jose,CA,USA,95101,+1 (408) 555-7890,,santiago.hernandez@example.com,5
164,Claire,Young,,902 Spruce Hill,Philadelphia,PA,USA,19101,+1 (215) 555-2345,,claire.young@example.com,4
165,Gabriel,Ramirez,,1133 Maple Grove,Seattle,WA,USA,98101,+1 (206) 555-6789,,gabriel.ramirez@example.com,3
166,Paige,Perez,,1244 Cedar Drive,Miami,FL,USA,33101,+1 (305) 555-1234,,paige.perez@example.com,2
167,Jaxon,Mitchell,,1355 Oak Lane,San Francisco,CA,USA,94101,+1 (415) 555-5678,,jaxon.mitchell@example.com,1
168,Autumn,Roberts,,1466 Pine Way,Dallas,TX,USA,75201,+1 (214) 555-9012,,autumn.roberts@example.com,5
169,Eli,Hall,,1577 Birch Boulevard,Chicago,IL,USA,60601,+1 (312) 555-2345,,eli.hall@example.com,4
170,Lily,Scott,,1688 Cedar Avenue,Houston,TX,USA,77001,+1 (713) 555-6789,,lily.scott@example.com,3
171,Bella,Green,,1799 Maple Street,Austin,TX,USA,73301,+1 (512) 555-7890,,bella.green@example.com,2
172,Riley,Walker,,1900 Fir Circle,San Diego,CA,USA,92101,+1 (619) 555-3456,,riley.walker@example.com,1
173,Cooper,Evans,,2011 Oak Drive,Atlanta,GA,USA,30301,+1 (404) 555-6789,,cooper.evans@example.com,5
174,Amara,Torres,,2122 Pine Lane,Los Angeles,CA,USA,90001,+1 (213) 555-9012,,amara.torres@example.com,4
175,Jeremiah,Lee,,2233 Cedar Avenue,Miami,FL,USA,33101,+1 (305) 555-1234,,jeremiah.lee@example.com,3
176,Faith,Clark,,2344 Maple Boulevard,Dallas,TX,USA,75201,+1 (214) 555-5678,,faith.clark@example.com,2
177,Asher,Wright,,2455 Fir Way,Chicago,IL,USA,60601,+1 (312) 555-9012,,asher.wright@example.com,1
178,Isabella,Morris,,2566 Oak Street,San Jose,CA,USA,95101,+1 (408) 555-2345,,isabella.morris@example.com,5
179,Nico,Gonzalez,,2677 Birch Lane,New Orleans,LA,USA,70112,+1 (504) 555-6789,,nico.gonzalez@example.com,4
180,Ophelia,Roberts,,2788 Cedar Ridge,San Francisco,CA,USA,94101,+1 (415) 555-7890,,ophelia.roberts@example.com,3
181,Sofia,Rodriguez,,1234 Rue de la Paix,Paris,,France,75002,+33 01 45 67 89 00,,sofia.rodriguez@example.com,1
182,Maximilian,Schmidt,,5678 Hauptstraße,Berlin,,Germany,10115,+49 30 12345678,,maximilian.schmidt@example.com,2
183,Camila,Garcia,,91011 Avenida Libertador,Buenos Aires,,Argentina,1000,+54 11 1234-5678,,camila.garcia@example.com,3
184,Naomi,Chen,,1213 Nanjing Road,Shanghai,,China,200000,+86 21 1234 5678,,naomi.chen@example.com,4
185,Omar,Al-Salem,,1415 King Fahd Road,Riyadh,,Saudi Arabia,11564,+966 11 1234567,,omar.alsalem@example.com,1
186,Ingrid,Nilsson,,1617 Drottninggatan,Stockholm,,Sweden,111 51,+46 08 123 456 78,,ingrid.nilsson@example.com,2
187,Mario,Rossi,,1819 Via Roma,Rome,,Italy,00100,+39 06 12345678,,mario.rossi@example.com,3
188,Emma,Kowalski,,2021 Ulica Kwiatowa,Warsaw,,Poland,00-001,+48 22 123 45 67,,emma.kowalski@example.com,1
189,Lucas,van Dijk,,2223 Damstraat,Amsterdam,,Netherlands,1000,+31 20 123 4567,,lucas.vandijk@example.com,2
190,Chloé,Dubois,,2425 Rue de la République,Lyon,,France,69001,+33 04 78 12 34 56,,chloe.dubois@example.com,3
191,Peter,Larsen,,2627 Nørregade,Copenhagen,,Denmark,1000,+45 33 12 34 56,,peter.larsen@example.com,1
192,Kazuki,Takahashi,,2829 Shinjuku Street,Tokyo,,Japan,160-0022,+81 3-1234-5678,,kazuki.takahashi@example.com,2
193,Margarita,Lopez,,3031 Avenida de la Independencia,Madrid,,Spain,28001,+34 91 123 45 67,,margarita.lopez@example.com,3
194,Liam,Murphy,,3233 O'Connell Street,Dublin,,Ireland,D02 1234,+353 1 123 4567,,liam.murphy@example.com,1
195,Lara,Schneider,,3435 Bahnhofstraße,Zürich,,Switzerland,8001,+41 44 123 45 67,,lara.schneider@example.com,2
196,Eva,Peterson,,3637 Strandvägen,Stockholm,,Sweden,114 84,+46 8 123 456 78,,eva.peterson@example.com,3
197,Tomaž,Nikolić,,3839 Trg Republike,Belgrade,,Serbia,11000,+381 11 123 4567,,tomaz.nikolic@example.com,1
198,Yasmin,El-Masri,,4041 Al-Azhar Street,Cairo,,Egypt,11511,+20 2 12345678,,yasmin.elmasri@example.com,2
199,Lucia,Martinez,,4243 Calle Mayor,Valencia,,Spain,46001,+34 96 123 45 67,,lucia.martinez@example.com,1
200,Kai,Cheng,,4445 Xiangshan Road,Beijing,,China,100000,+86 10 1234 5678,,kai.cheng@example.com,2
201,Sophie,Meier,,4647 Kaiserstraße,Frankfurt,,Germany,60311,+49 69 123456,,sophie.meier@example.com,3
202,Tomás,Rodríguez,,4849 Calle de Atocha,Madrid,,Spain,28012,+34 91 123 45 67,,tomas.rodriguez@example.com,2
203,Hanna,Lehmann,,5051 Königstraße,Hamburg,,Germany,20095,+49 40 12345678,,hanna.lehmann@example.com,1
204,Andrei,Ionescu,,5253 Strada Liliacului,Bucharest,,Romania,010101,+40 21 123 4567,,andrei.ionescu@example.com,1
205,Isabella,González,,5455 Avenida San Martín,Buenos Aires,,Argentina,1000,+54 11 1234-5678,,isabella.gonzalez@example.com,2
206,Yuri,Sokolov,,5657 Ulitsa Lenina,Moscow,,Russia,101000,+7 495 123-45-67,,yuri.sokolov@example.com,3
207,Matthias,Schuster,,5859 Hauptstraße,Stuttgart,,Germany,70173,+49 711 123456,,matthias.schuster@example.com,1
208,Katarina,Novak,,6061 Trg bana Jelačića,Zagreb,,Croatia,10000,+385 1 123 4567,,katarina.novak@example.com,2
209,Elena,Martínez,,6263 Paseo de la Castellana,Madrid,,Spain,28046,+34 91 123 45 67,,elena.martinez@example.com,3
210,Rafael,Silva,,6465 Rua da Consolação,São Paulo,,Brazil,01301-000,+55 11 1234-5678,,rafael.silva@example.com,1
211,Diana,Blanco,,6667 Calle 26,Bogotá,,Colombia,110111,+57 1 1234567,,diana.blanco@example.com,1
212,Jasper,Bakker,,6869 Damstraat,Amsterdam,,Netherlands,1012,+31 20 123 4567,,jasper.bakker@example.com,2
213,Alina,Grigore,,7071 Strada Vasile Alecsandri,Iasi,,Romania,700000,+40 23 123 4567,,alina.grigore@example.com,1
214,Svetlana,Ivanova,,7273 ул. Тверская,Moscow,,Russia,123456,+7 495 123-45-67,,svetlana.ivanova@example.com,2
215,Cecilia,Castillo,,7475 Avenida de los Insurgentes,Mexico City,,Mexico,01000,+52 55 1234 5678,,cecilia.castillo@example.com,1
216,Bruno,Ricci,,7676 Via Nazionale,Rome,,Italy,00184,+39 06 12345678,,bruno.ricci@example.com,3
217,Elin,Johansson,,7878 Drottninggatan,Göteborg,,Sweden,411 01,+46 31 123 45 67,,elin.johansson@example.com,1
218,Dmitri,Smirnov,,8080 ул. Краснопресненская,Moscow,,Russia,123456,+7 495 123-45-67,,dmitri.smirnov@example.com,2
219,Julia,Weber,,8282 Hauptstraße,Berlin,,Germany,10115,+49 30 123456,,julia.weber@example.com,3
220,Fiona,McKenzie,,8484 Princes Street,Edinburgh,,Scotland,EH2 4BJ,+44 131 123 4567,,fiona.mckenzie@example.com,1
221,Arjun,Sharma,,1 MG Road,Bangalore,,India,560001,+91 080 12345678,,arjun.sharma@example.com,1
222,Sneha,Patel,,2 Church Street,Mumbai,,India,400020,+91 022 98765432,,sneha.patel@example.com,2
223,Vikram,Malhotra,,3 Connaught Place,Delhi,,India,110001,+91 011 23456789,,vikram.malhotra@example.com,3
224,Pooja,Verma,,4 Brigade Road,Bangalore,,India,560025,+91 080 87654321,,pooja.verma@example.com,1
225,Rohit,Gupta,,5 Marine Drive,Mumbai,,India,400002,+91 022 23456789,,rohit.gupta@example.com,2
226,Ananya,Singh,,6 Banjara Hills,Hyderabad,,India,500034,+91 040 98765432,,ananya.singh@example.com,3
227,Karan,Mehta,,7 Park Street,Kolkata,,India,700016,+91 033 12345678,,karan.mehta@example.com,1
228,Nisha,Agarwal,,8 Brigade Road,Bangalore,,India,560001,+91 080 11122334,,nisha.agarwal@example.com,2
229,Amit,Kumar,,9 CPWD Building,Delhi,,India,110003,+91 011 34567890,,amit.kumar@example.com,3
230,Riya,Chopra,,10 MG Road,Pune,,India,411001,+91 020 12345678,,riya.chopra@example.com,1
231,Siddharth,Rao,,11 Elgin Road,Kolkata,,India,700020,+91 033 98765432,,siddharth.rao@example.com,2
232,Meera,Iyer,,12 Marine Drive,Mumbai,,India,400005,+91 022 23456789,,meera.iyer@example.com,3
233,Rajesh,Desai,,13 Ashoka Road,Delhi,,India,110004,+91 011 87654321,,rajesh.desai@example.com,1
234,Divya,Joshi,,14 Juhu Beach,Mumbai,,India,400049,+91 022 11122334,,divya.joshi@example.com,2
235,Harsh,Thakur,,15 Sector 16,Noida,,India,201301,+91 0120 12345678,,harsh.thakur@example.com,3
236,Tara,Reddy,,16 Banjara Hills,Hyderabad,,India,500034,+91 040 22334455,,tara.reddy@example.com,1
237,Prakash,Sharma,,17 Connaught Place,Delhi,,India,110005,+91 011 55566677,,prakash.sharma@example.com,2
238,Neha,Bansal,,18 Sector 17,Gurgaon,,India,122018,+91 0124 1234567,,neha.bansal@example.com,3
239,Ashish,Singh,,19 MG Road,Bangalore,,India,560029,+91 080 76543210,,ashish.singh@example.com,1
240,Sarita,Verma,,20 Churchgate,Mumbai,,India,400020,+91 022 09876543,,sarita.verma@example.com,2
241,Yash,Patel,,21 Kotturpuram,Chennai,,India,600086,+91 044 12345678,,yash.patel@example.com,3
242,Nidhi,Mishra,,22 Park Street,Kolkata,,India,700016,+91 033 45678901,,nidhi.mishra@example.com,1
243,Deepak,Sharma,,23 Juhu Beach,Mumbai,,India,400049,+91 022 54321678,,deepak.sharma@example.com,2
244,Tanya,Ghosh,,24 Connaught Place,Delhi,,India,110001,+91 011 12309876,,tanya.ghosh@example.com,3
245,Ritesh,Thakur,,25 Marine Drive,Mumbai,,India,400020,+91 022 78901234,,ritesh.thakur@example.com,1
246,Akash,Sharma,,26 Brigade Road,Bangalore,,India,560025,+91 080 32109876,,akash.sharma@example.com,2
247,Priya,Verma,,27 MG Road,Delhi,,India,110002,+91 011 43210987,,priya.verma@example.com,3
248,Kavya,Desai,,28 Park Street,Kolkata,,India,700016,+91 033 65432100,,kavya.desai@example.com,1
249,Vaibhav,Rao,,29 Juhu Beach,Mumbai,,India,400049,+91 022 43212345,,vaibhav.rao@example.com,2
250,Sakshi,Mehta,,30 Connaught Place,Delhi,,India,110001,+91 011 87654321,,sakshi.mehta@example.com,3
251,Ravi,Kumar,,31 Church Street,Bangalore,,India,560001,+91 080 65432100,,ravi.kumar@example.com,1
252,Maya,Agarwal,,32 MG Road,Pune,,India,411001,+91 020 98765432,,maya.agrawal@example.com,2
253,Nitin,Malhotra,,33 Marine Drive,Mumbai,,India,400020,+91 022 12345678,,nitin.malhotra@example.com,3
254,Sonali,Bansal,,34 Brigade Road,Bangalore,,India,560001,+91 080 12345678,,sonali.bansal@example.com,1
255,Aditya,Gupta,,35 Connaught Place,Delhi,,India,110001,+91 011 65432100,,aditya.gupta@example.com,2
256,Suman,Iyer,,36 Juhu Beach,Mumbai,,India,400049,+91 022 12312312,,suman.iyer@example.com,3
257,Gaurav,Sharma,,37 Churchgate,Mumbai,,India,400020,+91 022 12345678,,gaurav.sharma@example.com,1
258,Sarvesh,Verma,,38 Banjara Hills,Hyderabad,,India,500034,+91 040 76543210,,sarvesh.verma@example.com,2
259,Sonia,Patel,,39 Brigade Road,Bangalore,,India,560001,+91 080 12309876,,sonia.patel@example.com,3
260,Ashok,Rao,,40 Marine Drive,Mumbai,,India,400020,+91 022 12345678,,ashok.rao@example.com,1
